Team,Assists Per. Game Rank,Assist Turnover Ratio Rank,BlocksPerGame Rank,Field Goal % Rank,Field Goal % Defense Rank,Fouls Per Game Rank,Free Throw % Rank,Rebound Margin Rank,Scoring Defense Rank,Scoring Margin Rank,Scoring Offense Rank,Steals Per Game Rank,Three Pt FG Defense Rank,Three Pt FG % Rank,Three Pt FG Per Game Rank,Turnover Margin Rank,Turnover Per Game Rank,Win-Loss Rank,Tournament Wins,Conference
A&M-Corpus Christi,44,141,343,156,90,349,100,51,200,77,45,26,56,190,266,44,296,75,0,Southland
Abilene Christian,52,76,338,194,204,350,52,284,126,33,44,2,186,262,229,1,178,60,0,WAC
Air Force,206,265,190,203,318,163,339,342,78,314,347,284,57,210,195,235,272,259,0,Mountain West
Akron,278,177,162,70,119,192,272,64,22,46,187,251,228,78,131,162,63,51,0,MAC
Alabama A&M,347,346,164,349,27,73,179,266,107,299,343,113,93,348,349,180,314,255,0,SWAC
Alabama St.,245,329,117,257,225,255,235,288,311,298,211,74,143,216,283,265,266,295,0,SWAC
Alabama,66,185,36,184,200,304,132,76,320,150,13,116,199,300,27,275,339,142,0,SEC
Alcorn,334,340,245,310,257,301,263,139,228,284,286,81,231,274,326,240,299,186,0,SWAC
American,233,272,188,118,337,64,256,287,224,321,328,169,249,225,341,297,248,299,0,Patriot
App State,199,64,273,288,103,14,327,173,27,130,276,268,49,202,84,76,22,152,0,Sun Belt
Arizona St.,150,117,66,304,26,258,325,323,117,250,306,151,54,309,224,79,252,221,0,Pac-12
Arizona,1,17,8,4,10,319,95,9,137,3,3,147,139,95,139,232,110,2,2,Pac-12
Ark.-Pine Bluff,287,295,258,316,347,200,168,348,337,345,290,106,309,329,231,,245,328,0,SWAC
Arkansas St.,33,116,146,111,157,72,79,119,139,157,175,50,147,294,325,194,133,113,0,Sun Belt
Arkansas,116,110,71,218,58,323,32,89,145,53,50,72,125,320,279,40,287,36,3,SEC
Army West Point,200,225,336,197,230,35,346,126,210,213,197,56,288,258,245,137,224,199,0,Patriot
Auburn,60,66,1,206,7,326,118,68,114,15,24,32,52,270,111,47,116,7,1,SEC
Austin Peay,133,213,327,317,325,73,205,269,173,281,317,183,193,276,122,166,289,247,0,OVC
Ball St.,164,238,291,163,246,240,251,219,323,259,85,229,311,54,68,282,291,221,0,MAC
Baylor,24,43,134,59,128,227,241,41,35,7,41,18,32,148,111,20,156,12,1,Big 12
Belmont,4,10,86,8,169,30,85,202,156,27,23,13,219,218,69,23,102,32,0,OVC
Bethune-Cookman,321,319,286,294,262,142,271,293,186,304,329,46,136,194,343,145,247,304,0,SWAC
Binghamton,284,269,111,173,161,77,326,168,148,229,259,264,150,85,175,283,183,247,0,America East
Boise St.,292,236,136,147,148,170,338,45,13,57,250,234,132,122,178,109,115,21,0,Mountain West
Boston College,216,163,204,248,265,142,215,150,141,238,281,99,321,297,311,150,109,257,0,ACC
Boston U.,308,268,287,99,274,217,96,51,127,154,190,266,191,81,162,246,118,104,0,Patriot
Bowling Green,197,172,138,208,259,229,93,177,347,219,7,89,261,169,91,125,137,240,0,MAC
Bradley,135,195,40,152,38,172,270,14,54,101,192,195,95,185,135,263,263,160,0,MVC
Brown,232,254,88,207,227,157,190,164,184,186,172,149,197,288,192,119,226,227,0,Ivy League
Bryant,111,191,45,200,76,212,116,93,281,114,28,175,77,318,90,288,285,62,0,NEC
Bucknell,64,130,180,84,328,90,23,315,344,327,165,336,338,22,120,344,253,312,0,Patriot
Buffalo,48,106,42,91,127,137,191,8,258,52,9,108,73,159,72,258,229,103,0,MAC
Butler,311,261,289,295,188,229,246,246,106,273,327,306,53,314,219,228,112,237,0,Big East
BYU,67,91,173,85,107,319,164,15,147,90,87,323,40,89,115,296,179,65,0,WCC
Cal Poly,328,344,287,315,74,212,134,132,121,302,342,330,307,343,331,328,321,322,0,Big West
Cal St. Fullerton,299,253,330,146,211,119,20,141,96,141,202,93,343,234,321,72,119,80,0,Big West
California,323,230,252,277,114,176,135,149,79,271,331,321,50,307,323,286,56,266,0,Pac-12
Campbell,108,33,302,68,145,3,289,212,18,124,294,218,237,267,272,73,27,158,0,Big South
Canisius,173,125,252,335,309,229,260,235,241,271,239,231,38,311,172,104,101,284,0,MAAC
Central Ark.,85,155,166,180,336,153,29,273,348,324,116,137,243,328,251,271,273,279,0,ASUN
Central Conn. St.,327,331,312,343,312,146,195,326,252,336,338,215,257,160,176,259,278,322,0,NEC
Central Mich.,285,299,191,314,299,293,261,331,327,340,298,202,256,162,141,303,266,325,0,MAC
Charleston So.,252,313,193,318,321,107,299,187,315,322,244,166,254,303,89,305,320,336,0,Big South
Charlotte,105,67,210,69,313,13,6,247,234,239,199,327,315,130,161,203,69,160,0,C-USA
Chattanooga,179,86,319,48,121,223,76,37,39,24,90,100,21,131,123,92,41,21,0,SoCon
Chicago St.,346,348,300,345,314,331,332,276,296,346,336,269,347,299,156,313,327,329,0,WAC
Cincinnati,167,54,92,327,34,278,313,211,72,139,217,201,60,278,99,61,28,164,0,AAC
Clemson,92,40,297,90,138,157,105,131,153,143,155,247,174,51,138,161,43,185,0,ACC
Cleveland St.,10,63,140,19,116,263,310,104,193,97,60,21,83,239,269,69,263,92,0,Horizon
Coastal Carolina,136,178,108,115,12,55,247,28,58,55,123,139,30,75,167,244,234,142,0,Sun Belt
Col. of Charleston,162,301,234,190,278,344,123,16,319,181,26,42,216,171,103,274,341,170,0,CAA
Colgate,8,11,116,29,135,122,240,102,109,39,54,225,181,2,12,217,58,75,0,Patriot
Colorado St.,91,22,187,16,167,44,16,208,77,58,111,190,138,69,135,51,262,11,0,Mountain West
Colorado,149,206,171,158,109,149,45,34,123,134,168,280,158,41,227,281,17,97,0,Pac-12
Columbia,244,325,326,261,324,12,347,255,341,341,266,246,344,71,152,335,333,344,0,Ivy League
Coppin St.,309,333,193,346,106,197,281,349,303,323,282,38,271,335,67,140,308,312,0,MEAC
Cornell,7,65,209,43,170,80,204,128,302,117,17,52,99,112,14,218,300,141,0,Ivy League
Creighton,153,231,61,128,22,60,97,109,90,156,221,279,75,302,248,337,296,75,1,Big East
CSU Bakersfield,344,298,313,279,212,252,194,84,99,263,324,245,268,345,350,65,93,307,0,Big West
CSUN,349,338,267,330,277,255,287,336,235,333,340,100,173,322,337,123,130,325,0,Big West
Dartmouth,332,271,145,293,249,4,17,292,144,211,248,158,278,177,42,75,68,278,0,Ivy League
Davidson,69,14,257,15,104,112,53,85,76,30,57,337,177,4,45,96,10,12,0,Atlantic 10
Dayton,78,90,91,18,45,86,284,30,15,46,220,273,118,53,255,273,154,65,0,Atlantic 10
Delaware St.,345,350,79,326,95,112,307,311,285,339,333,96,273,246,295,334,176,348,0,MEAC
Delaware,198,191,106,38,165,223,80,236,201,146,112,155,282,116,166,185,349,104,0,CAA
Denver,215,219,147,67,260,248,242,279,296,277,191,303,291,37,186,267,205,284,0,Summit League
DePaul,291,252,21,220,156,86,259,114,256,193,114,212,194,272,254,216,140,199,0,Big East
Detroit Mercy,240,161,333,191,329,39,14,261,212,208,181,250,266,24,7,114,82,212,0,Horizon
Drake,263,128,165,66,163,309,48,92,92,56,100,122,148,142,209,45,36,60,0,MVC
Drexel,206,103,193,51,271,17,187,186,207,166,124,329,190,121,184,179,38,179,0,CAA
Duke,11,4,9,6,94,183,99,63,130,10,8,192,98,40,121,152,21,9,4,ACC
Duquesne,342,287,50,328,339,6,203,314,282,326,310,159,349,315,282,85,66,334,0,Atlantic 10
East Carolina,62,107,185,322,179,84,50,238,223,254,234,141,274,209,163,198,208,186,0,AAC
Eastern Ill.,266,339,193,339,290,29,344,345,229,349,349,200,212,244,299,341,344,342,0,OVC
Eastern Ky.,31,29,113,290,323,137,206,317,308,123,16,4,215,91,3,2,78,240,0,ASUN
Eastern Mich.,339,341,166,237,270,204,249,306,315,313,224,253,289,301,274,276,283,295,0,MAC
Eastern Wash.,27,77,239,101,155,329,56,110,301,171,43,276,137,93,45,290,239,175,0,Big Sky
Elon,201,218,285,260,183,339,101,274,257,294,275,324,246,153,70,302,213,299,0,CAA
ETSU,165,88,225,148,266,57,146,195,272,232,146,144,210,100,50,186,56,207,0,SoCon
Evansville,329,235,328,338,349,17,196,347,218,342,346,244,345,231,96,154,50,334,0,MVC
Fairfield,254,139,189,219,147,170,213,188,73,179,253,287,126,167,153,176,46,220,0,MAAC
Fairleigh Dickinson,267,294,203,321,340,57,196,338,343,344,270,179,267,250,230,239,277,344,0,NEC
FGCU,29,89,30,102,198,112,301,70,290,127,34,153,174,101,10,298,255,87,0,ASUN
FIU,114,202,79,241,150,93,222,259,227,220,179,184,169,105,15,233,293,207,0,C-USA
Fla. Atlantic,151,162,217,106,240,275,180,56,140,88,94,86,314,96,49,121,197,152,0,C-USA
Florida A&M,247,222,185,239,129,183,211,325,165,276,313,205,247,323,345,159,161,234,0,SWAC
Florida St.,82,98,26,217,242,119,199,208,249,231,170,25,329,221,249,63,167,160,0,ACC
Florida,181,171,19,258,216,204,107,251,95,125,189,32,104,321,119,54,164,134,0,SEC
Fordham,265,276,101,342,137,263,140,205,103,227,297,92,61,334,171,151,221,186,0,Atlantic 10
Fresno St.,251,143,222,134,49,237,183,73,5,68,293,226,117,186,218,95,50,93,0,Mountain West
Furman,6,2,127,50,280,97,42,210,162,36,35,37,167,13,2,42,32,87,0,SoCon
Ga. Southern,253,307,133,130,52,129,290,165,63,199,288,80,133,319,307,234,307,227,0,Sun Belt
Gardner-Webb,161,207,34,151,13,267,227,91,37,100,215,95,5,233,169,209,251,137,0,Big South
George Mason,96,95,174,137,126,68,254,133,154,172,181,311,235,65,23,224,130,212,0,Atlantic 10
George Washington,226,212,69,247,235,135,244,333,267,282,246,132,43,184,199,180,179,255,0,Atlantic 10
Georgetown,268,284,94,334,308,107,83,192,328,305,183,106,330,156,147,223,245,336,0,Big East
Georgia St.,138,96,44,336,93,42,156,161,67,107,186,17,323,229,150,5,310,113,0,Sun Belt
Georgia Tech,122,157,262,171,193,277,238,253,219,252,237,62,66,90,201,184,92,266,0,ACC
Georgia,111,220,316,159,338,71,71,281,338,329,207,303,260,257,265,339,216,339,0,SEC
Gonzaga,3,7,6,1,2,102,178,4,84,1,1,184,37,32,95,155,77,3,2,WCC
Grambling,314,332,147,319,115,284,189,294,225,300,308,162,277,279,339,211,301,266,0,SWAC
Grand Canyon,180,208,306,243,5,234,293,19,14,22,166,156,2,111,98,192,214,39,0,WAC
Green Bay,322,308,230,281,332,38,173,271,167,317,339,315,242,346,333,254,206,340,0,Horizon
Hampton,324,303,73,337,88,142,229,337,185,287,316,298,10,340,314,215,186,297,0,Big South
Hartford,233,191,178,120,258,68,266,283,253,256,207,231,297,34,25,252,124,266,0,America East
Harvard,296,260,281,228,223,5,257,216,174,168,159,70,334,229,72,37,146,186,0,Ivy League
Hawaii,223,232,319,176,98,50,82,50,36,113,229,350,55,60,102,315,212,122,0,Big West
High Point,202,244,37,167,173,240,342,220,190,218,214,175,18,197,256,243,243,229,0,Big South
Hofstra,35,12,242,54,281,66,3,289,269,105,30,42,331,164,18,9,23,80,0,CAA
Holy Cross,338,312,97,303,322,163,196,257,216,297,309,243,295,144,308,202,164,309,0,Patriot
Houston Baptist,142,281,264,140,330,229,182,79,322,234,56,50,341,254,226,220,49,259,0,Southland
Houston,14,18,14,47,1,341,316,12,3,2,71,39,9,181,128,25,331,6,3,AAC
Howard,90,211,124,181,144,163,78,291,187,69,47,34,155,64,78,27,318,158,0,MEAC
Idaho St.,333,336,310,285,333,217,280,204,242,316,320,339,189,296,205,318,271,325,0,Big Sky
Idaho,257,285,306,164,343,302,110,256,345,310,118,349,263,27,115,332,281,309,0,Big Sky
Illinois St.,220,278,35,108,217,274,77,180,305,226,91,139,232,39,126,277,149,257,0,MVC
Illinois,41,60,193,125,62,196,207,31,115,63,83,306,90,57,38,289,279,56,1,Big Ten
Indiana St.,168,198,331,169,206,52,13,232,249,242,195,234,286,203,57,291,104,279,0,MVC
Indiana,72,57,29,98,21,304,231,108,82,116,177,266,152,211,304,169,224,125,1,Big Ten
Iona,17,47,3,131,87,297,258,134,156,73,65,168,31,214,204,131,185,32,0,MAAC
Iowa St.,67,148,181,230,133,333,284,230,21,148,302,22,11,277,250,36,4,104,2,Big 12
Iowa,20,1,53,62,199,282,67,143,233,11,5,88,144,50,28,7,282,45,0,Big Ten
IUPUI,331,349,264,348,252,137,316,249,112,348,350,258,276,341,336,336,348,346,0,Horizon
Jackson St.,318,309,87,320,168,137,345,155,59,283,345,205,115,327,335,241,232,272,0,SWAC
Jacksonville St.,86,131,214,42,48,34,279,62,116,80,107,215,164,6,25,267,60,80,0,ASUN
Jacksonville,205,127,331,116,23,44,202,11,4,50,273,166,17,117,296,183,216,68,0,ASUN
James Madison,146,138,323,56,233,60,239,286,278,178,68,24,141,127,170,33,159,179,0,CAA
Kansas City,155,52,228,20,215,324,299,270,119,59,79,83,80,48,185,3,117,117,0,Summit League
Kansas St.,209,133,345,278,190,180,141,295,125,185,227,89,29,125,79,63,30,221,0,Big 12
Kansas,36,51,56,21,39,332,167,40,118,16,25,203,23,52,197,144,69,5,6,Big 12
Kennesaw St.,79,87,228,55,229,180,323,113,231,135,76,109,312,43,87,101,142,240,0,ASUN
Kent St.,213,179,134,172,55,317,73,58,55,87,163,110,59,207,158,99,132,69,0,MAC
Kentucky,15,23,64,13,70,84,144,1,98,8,14,136,45,114,290,143,84,28,0,SEC
La Salle,148,160,59,305,187,152,277,196,242,279,263,248,308,263,149,262,195,272,0,Atlantic 10
Lafayette,16,19,142,225,315,11,283,334,267,293,256,205,333,235,53,156,47,291,0,Patriot
Lamar University,306,335,202,333,250,217,275,249,271,343,344,255,250,332,332,321,317,350,0,WAC
Lehigh,94,147,121,132,231,200,90,263,238,270,245,344,290,9,103,333,243,250,0,Patriot
Liberty,63,50,334,32,35,94,47,90,31,21,113,288,129,8,8,,83,73,0,ASUN
Lipscomb,39,100,241,83,185,22,129,206,325,268,97,342,322,138,106,329,234,237,0,ASUN
Little Rock,173,243,319,274,334,47,109,312,274,306,284,128,336,188,208,139,284,297,0,Sun Belt
LIU,9,55,24,249,61,126,288,162,283,190,72,65,71,283,118,180,269,169,0,NEC
LMU (CA),304,304,344,96,342,146,158,296,292,288,219,284,310,133,189,230,240,259,0,WCC
Long Beach St.,208,239,184,201,244,204,127,171,272,197,101,121,238,123,261,98,234,124,0,Big West
Longwood,77,84,297,113,184,126,136,18,68,20,52,55,88,20,99,66,143,16,0,Big South
Louisiana Tech,124,78,317,92,64,102,150,181,136,62,63,171,162,165,88,58,335,51,0,C-USA
Louisiana,209,315,49,252,51,240,218,38,182,182,167,134,106,120,174,309,73,182,0,Sun Belt
Louisville,255,210,292,270,197,228,305,156,198,267,267,223,262,298,144,259,126,250,0,ACC
Loyola Chicago,54,61,289,22,50,268,181,107,17,13,125,126,46,15,43,89,123,32,0,MVC
Loyola Maryland,51,58,247,160,228,35,282,248,65,205,295,54,208,265,225,68,122,212,0,Patriot
LSU,188,291,60,192,6,339,120,116,30,32,135,1,4,275,260,24,319,87,0,SEC
Maine,154,153,233,301,331,116,188,322,230,330,334,104,339,303,240,175,188,333,0,America East
Manhattan,283,322,151,178,316,200,108,213,265,248,174,105,187,308,317,189,311,186,0,MAAC
Marist,350,342,142,186,80,44,159,196,142,204,232,254,176,140,163,245,151,212,0,MAAC
Marquette,22,41,15,119,59,244,91,328,245,167,95,62,92,142,66,93,155,130,0,Big East
Marshall,88,132,27,204,276,130,210,237,320,260,97,143,221,326,157,177,220,276,0,C-USA
Maryland,281,183,170,221,180,79,35,191,217,209,173,193,292,243,223,225,71,207,0,Big Ten
Massachusetts,127,82,252,222,345,222,40,253,335,257,53,175,340,29,19,114,79,207,0,Atlantic 10
McNeese,189,330,125,112,261,345,328,25,332,201,27,60,225,289,261,278,346,291,0,Southland
Memphis,25,203,11,36,24,322,252,22,146,67,66,30,94,76,286,278,343,73,1,AAC
Mercer,83,93,199,82,255,107,18,199,215,215,194,221,244,99,105,266,149,195,0,SoCon
Miami (FL),93,15,169,30,302,229,89,330,209,136,99,16,239,180,217,8,6,54,3,ACC
Miami (OH),119,34,178,185,251,130,9,274,284,180,62,274,253,126,30,55,24,229,0,MAC
Michigan St.,30,59,20,87,117,304,66,57,170,145,142,262,72,18,183,312,86,93,1,Big Ten
Michigan,95,68,158,41,222,149,75,32,183,144,131,333,116,172,280,287,190,152,2,Big Ten
Middle Tenn.,214,216,58,117,68,347,44,144,113,51,70,41,47,227,97,71,203,54,0,C-USA
Milwaukee,288,290,101,271,28,203,166,242,219,303,315,320,179,271,284,330,231,299,0,Horizon
Minnesota,194,26,230,195,285,8,162,343,178,253,279,291,192,36,130,100,5,234,0,Big Ten
Mississippi St.,145,182,152,93,164,188,155,29,85,121,193,48,84,336,344,195,230,175,0,SEC
Mississippi Val.,282,293,280,347,350,126,334,350,349,350,271,84,350,317,203,59,254,348,0,SWAC
Missouri St.,236,104,152,14,112,160,2,88,166,41,38,293,161,23,84,187,309,69,0,MVC
Missouri,241,306,75,259,237,287,105,137,211,291,303,170,275,347,334,306,34,276,0,SEC
Monmouth,278,197,152,286,41,314,130,147,122,191,235,209,111,220,271,168,94,115,0,MAAC
Montana St.,160,175,110,31,152,333,49,61,181,61,46,300,146,38,146,191,20,21,0,Big Sky
Montana,165,45,218,104,213,295,10,303,105,102,143,277,296,110,210,35,202,147,0,Big Sky
Morehead St.,19,75,7,88,44,130,316,71,32,78,200,251,131,55,84,280,258,69,0,OVC
Morgan St.,57,221,136,199,194,234,297,175,262,161,69,29,240,287,289,14,337,219,0,MEAC
Mount St. Mary's,157,173,77,153,158,52,276,121,56,196,295,261,159,132,300,227,206,212,0,NEC
Murray St.,60,42,172,25,57,167,264,7,28,4,18,59,24,98,115,47,63,1,1,OVC
N.C. A&T,227,224,163,264,160,309,335,242,208,264,258,62,222,291,276,97,193,266,0,Big South
N.C. Central,217,328,314,121,124,328,315,83,149,119,127,20,85,219,258,106,342,182,0,MEAC
Navy,227,229,147,242,40,130,333,27,7,110,314,114,140,245,312,140,201,80,0,Patriot
NC State,298,113,105,309,335,172,149,299,314,264,118,119,305,163,82,39,16,284,0,ACC
Nebraska,182,180,242,150,248,244,117,344,339,295,115,103,248,261,210,126,175,299,0,Big Ten
Nevada,70,123,155,122,226,217,68,183,288,235,136,190,298,203,214,203,227,240,0,Mountain West
New Hampshire,237,32,216,183,175,2,312,54,47,133,233,335,211,42,62,157,3,167,0,America East
New Mexico St.,121,209,76,95,11,197,220,13,42,49,138,315,28,224,125,304,95,12,1,WAC
New Mexico,273,189,52,211,295,286,64,313,312,236,88,210,127,141,134,84,298,250,0,Mountain West
New Orleans,173,270,234,45,149,299,119,227,300,163,40,45,42,303,348,113,304,147,0,Southland
Niagara,229,118,249,188,84,32,121,266,60,177,264,265,163,128,216,145,39,212,0,MAAC
Nicholls,130,124,84,37,86,297,348,140,236,63,22,36,180,241,99,29,139,97,0,Southland
NIU,301,310,240,283,256,311,303,319,242,319,323,205,113,268,309,198,274,304,0,MAC
NJIT,340,327,111,312,181,33,329,301,196,315,332,228,182,240,264,270,198,259,0,America East
Norfolk St.,209,280,117,64,3,223,234,35,40,23,86,151,14,145,214,205,295,20,0,MEAC
North Carolina,53,46,85,133,136,259,25,3,237,72,32,308,196,62,80,300,89,38,5,ACC
North Dakota St.,305,226,132,60,108,142,30,42,161,83,74,348,89,63,153,316,111,56,0,Summit League
North Dakota,245,187,336,324,346,194,103,225,342,328,198,345,325,139,36,301,89,336,0,Summit League
North Florida,186,289,28,296,121,80,138,339,231,266,238,272,82,175,17,319,316,279,0,ASUN
North Texas,309,214,225,166,67,122,337,49,1,31,311,165,6,66,142,132,62,18,0,C-USA
Northeastern,293,311,237,202,286,52,113,123,172,289,321,331,229,260,237,342,291,309,0,CAA
Northern Ariz.,195,248,273,291,289,285,321,86,279,301,261,340,313,61,60,343,258,312,0,Big Sky
Northern Colo.,222,200,213,27,305,342,193,172,326,195,29,346,332,10,9,317,153,140,0,Big Sky
Northern Ky.,119,158,273,244,143,86,174,98,52,111,204,11,100,129,55,104,221,107,0,Horizon
Northwestern St.,50,152,127,144,317,204,254,276,346,308,102,197,230,152,181,259,11,312,0,Southland
Northwestern,26,3,130,253,153,217,161,232,193,149,120,174,328,115,81,17,304,199,0,Big Ten
Notre Dame,103,30,339,57,174,25,58,184,109,95,133,305,102,11,32,212,26,65,2,ACC
Oakland,143,129,292,187,171,14,4,227,155,92,84,14,36,325,176,43,134,107,0,Horizon
Ohio St.,202,119,32,35,81,168,41,103,128,104,126,340,198,46,127,248,29,107,1,Big Ten
Ohio,191,70,250,236,238,116,139,226,135,86,96,76,65,196,34,18,52,49,0,MAC
Oklahoma St.,189,305,12,214,16,160,316,157,65,158,246,23,120,337,328,118,323,186,0,Big 12
Oklahoma,103,228,335,24,205,204,72,154,51,126,225,87,79,118,155,251,330,165,0,Big 12
Old Dominion,219,167,160,212,100,122,308,74,108,225,287,184,213,339,347,231,106,250,0,C-USA
Ole Miss,162,136,225,209,293,80,184,224,159,224,252,111,108,242,220,124,126,250,0,SEC
Omaha,316,320,260,231,344,279,128,324,350,347,213,325,348,77,205,326,269,340,0,Summit League
Oral Roberts,275,79,67,86,196,60,126,53,299,37,4,281,166,14,4,147,13,117,0,Summit League
Oregon St.,238,215,192,154,341,212,192,340,336,335,249,240,303,266,315,221,97,347,0,Pac-12
Oregon,235,168,129,109,177,281,292,215,189,162,141,138,107,213,202,83,171,145,0,Pac-12
Pacific,290,251,260,297,304,97,278,262,266,312,299,189,346,268,293,130,141,316,0,WCC
Penn St.,261,186,314,227,89,66,112,67,49,221,318,296,269,161,113,331,103,221,0,Big Ten
Penn,187,142,304,135,288,73,131,265,313,275,147,277,245,198,108,256,100,236,0,Ivy League
Pepperdine,58,188,296,287,320,271,163,310,333,331,251,263,153,166,186,285,322,329,0,WCC
Pittsburgh,311,316,93,302,219,89,245,95,138,307,341,290,326,284,327,327,268,284,0,ACC
Portland St.,295,262,159,238,245,313,87,320,254,189,106,8,283,333,288,4,233,221,0,Big Sky
Portland,84,134,270,198,105,248,7,179,255,175,89,313,201,102,137,229,157,152,0,WCC
Prairie View,280,347,183,250,247,269,221,234,317,311,216,27,304,119,268,324,350,307,0,SWAC
Presbyterian,195,242,234,273,264,307,304,66,134,216,255,49,335,349,313,62,248,266,0,Big South
Princeton,34,9,341,9,287,7,343,127,199,26,11,220,157,5,5,85,18,27,0,Ivy League
Providence,158,94,108,210,46,172,133,82,83,99,157,314,26,136,173,247,65,10,2,Big East
Purdue Fort Wayne,98,159,277,78,298,111,70,290,188,132,109,19,272,31,21,52,99,97,0,Horizon
Purdue,13,24,131,7,130,189,185,2,150,18,15,334,168,7,71,310,256,17,2,Big Ten
Quinnipiac,79,121,322,232,186,153,22,163,240,206,152,195,320,134,40,237,210,221,0,MAAC
Radford,319,326,347,300,291,155,314,178,124,280,330,160,258,310,221,208,280,259,0,Big South
Rhode Island,141,234,4,89,17,183,349,120,49,173,273,85,119,189,330,257,303,199,0,Atlantic 10
Rice,28,53,340,76,263,35,172,153,280,200,92,309,170,33,35,311,169,195,0,C-USA
Richmond,76,16,295,162,236,137,165,307,150,164,169,73,233,232,129,26,9,86,1,Atlantic 10
Rider,184,145,282,306,85,262,104,170,180,243,257,133,223,255,319,129,112,237,0,MAAC
Robert Morris,192,279,95,52,303,97,33,227,303,296,218,234,318,179,297,322,302,322,0,Horizon
Rutgers,40,38,79,143,99,112,228,129,96,176,239,119,205,176,284,165,75,147,0,Big Ten
Sacramento St.,311,199,219,233,296,105,295,329,202,286,304,241,236,59,240,110,45,259,0,Big Sky
Sacred Heart,74,156,310,139,301,47,148,146,310,261,130,286,251,150,110,323,288,291,0,NEC
Saint Francis (PA),176,170,230,269,269,19,340,238,285,290,236,164,301,280,303,167,179,304,0,NEC
Saint Joseph's,131,190,279,275,146,77,336,112,171,241,260,319,81,191,39,346,258,272,0,Atlantic 10
Saint Louis,59,99,181,77,118,325,27,20,132,42,48,182,109,35,244,210,199,75,0,Atlantic 10
Saint Mary's (CA),139,71,270,49,142,176,38,55,9,34,210,130,206,87,190,87,54,28,1,WCC
Saint Peter's,221,262,21,254,9,346,225,117,20,118,280,117,12,107,310,162,250,87,3,MAAC
Sam Houston,97,114,282,255,43,291,350,80,26,93,230,69,67,149,58,57,177,142,0,WAC
Samford,178,245,206,141,218,259,125,141,291,198,78,78,226,193,50,201,276,80,0,SoCon
San Diego St.,255,246,32,229,4,252,265,122,2,60,305,78,25,79,297,74,164,46,0,Mountain West
San Diego,343,323,107,246,201,92,169,166,120,240,301,312,128,201,322,269,193,199,0,WCC
San Francisco,172,176,38,80,141,314,253,39,129,28,37,66,15,104,16,178,192,51,0,WCC
San Jose St.,171,205,176,251,327,119,331,332,261,325,321,301,287,94,47,320,227,318,0,Mountain West
Santa Clara,43,39,98,11,154,94,28,174,248,98,39,239,255,16,191,174,76,97,0,WCC
Seattle U,129,83,114,292,32,343,21,176,101,43,77,131,63,168,13,28,79,46,0,WAC
Seton Hall,335,297,13,280,30,106,54,98,91,94,149,114,51,182,179,148,119,80,0,Big East
SFA,46,266,74,28,158,327,296,111,152,84,80,11,114,226,301,77,347,62,0,WAC
Siena,341,321,79,256,221,40,114,285,176,269,291,218,172,72,240,235,173,179,0,MAAC
SIUE,182,300,95,289,56,283,268,136,195,258,261,111,78,342,305,252,327,284,0,OVC
SMU,113,115,55,177,20,107,63,169,111,70,103,204,22,86,75,222,143,43,0,AAC
South Alabama,259,233,25,72,37,204,262,206,34,54,156,126,76,187,236,56,182,97,0,Sun Belt
South Carolina St.,230,314,117,344,120,314,273,47,264,228,151,156,200,330,269,138,332,199,0,MEAC
South Carolina,101,258,17,267,60,299,311,123,205,203,171,56,91,273,235,172,326,137,0,SEC
South Dakota St.,44,27,266,2,195,192,39,72,277,9,2,227,281,1,24,136,14,4,0,Summit League
South Dakota,257,73,301,44,283,223,64,69,222,122,67,343,315,25,200,108,42,117,0,Summit League
South Fla.,315,288,100,350,63,176,320,192,45,320,348,212,203,350,346,193,171,318,0,AAC
Southeast Mo. St.,118,154,248,196,282,337,115,297,331,247,55,181,241,135,50,160,221,229,0,OVC
Southeastern La.,38,144,90,71,326,212,37,305,334,194,20,44,204,67,41,142,306,152,0,Southland
Southern California,89,85,48,94,14,182,322,21,75,79,140,315,160,68,239,314,125,28,0,Pac-12
Southern Ill.,247,150,324,138,239,55,269,218,16,159,325,281,105,80,143,164,60,182,0,MVC
Southern Miss.,225,257,224,245,284,176,274,298,306,337,319,318,342,292,329,294,242,332,0,C-USA
Southern U.,144,255,258,175,234,329,248,302,133,127,150,3,13,92,228,6,313,160,0,SWAC
Southern Utah,243,227,276,65,210,292,175,44,263,103,33,230,220,147,83,213,184,75,0,Big Sky
St. Bonaventure,126,36,31,105,151,16,62,199,94,139,201,199,224,222,294,49,25,56,0,Atlantic 10
St. Francis Brooklyn,260,217,250,313,310,102,186,241,214,274,269,154,130,281,210,135,151,291,0,NEC
St. John's (NY),2,6,10,103,131,271,298,242,293,96,12,15,217,195,186,12,106,170,0,Big East
Stanford,169,286,252,224,273,244,330,17,160,255,289,270,135,178,181,345,324,186,0,Pac-12
Stetson,81,122,207,240,275,24,267,148,239,249,212,118,259,108,72,254,208,272,0,ASUN
Stony Brook,303,151,210,193,292,20,59,260,275,217,121,148,202,173,94,79,33,137,0,America East
Syracuse,71,28,98,110,139,49,102,258,307,169,36,122,156,19,31,122,35,195,0,ACC
TCU,128,237,70,189,110,172,302,4,46,138,241,180,48,324,320,295,312,115,1,Big 12
Temple,269,241,39,341,29,187,291,106,93,207,283,142,16,295,246,242,173,136,0,AAC
Tennessee St.,224,282,147,136,189,307,170,138,203,192,162,144,165,106,253,170,136,229,0,OVC
Tennessee Tech,21,69,101,123,241,40,324,158,289,230,128,96,122,157,210,197,285,284,0,OVC
Tennessee,12,31,57,215,33,289,171,81,25,19,108,9,62,56,56,19,237,21,1,SEC
Texas A&M,132,169,139,155,73,348,219,167,80,71,129,6,74,246,256,15,73,72,0,SEC
Texas Southern,320,343,15,223,25,263,294,43,81,152,226,274,34,285,318,325,218,130,1,SWAC
Texas St.,193,174,115,58,113,97,60,105,29,65,196,149,185,26,277,46,324,44,0,Sun Belt
Texas Tech,125,181,126,33,8,294,236,24,11,12,145,40,69,256,292,50,145,42,2,Big 12
Texas,159,101,141,170,92,303,74,160,10,44,231,66,87,228,252,22,257,87,1,Big 12
The Citadel,18,35,117,145,176,60,309,223,324,214,42,331,112,83,6,293,129,240,0,SoCon
Toledo,37,13,223,17,36,135,51,46,158,14,10,271,41,84,222,134,19,28,0,MAC
Towson,139,109,245,127,71,288,160,23,38,38,122,94,68,70,131,114,105,40,0,CAA
Troy,114,274,304,262,69,259,137,75,64,137,222,53,149,238,163,219,334,107,0,Sun Belt
Tulane,133,44,161,165,102,42,43,346,246,188,117,47,218,45,109,16,31,206,0,AAC
Tulsa,271,259,306,216,224,97,142,282,192,262,265,134,317,151,231,133,196,279,0,AAC
UAB,170,108,65,39,78,280,94,48,102,6,6,7,123,21,123,10,72,21,0,C-USA
UAlbany,348,334,284,311,202,250,214,280,71,278,337,146,293,251,306,91,147,240,0,America East
UC Davis,297,273,214,179,75,20,209,240,89,187,254,234,227,203,291,127,167,166,0,Big West
UC Irvine,317,317,122,161,15,28,24,60,8,89,292,234,1,248,340,292,261,125,0,Big West
UC Riverside,152,137,350,157,91,27,157,95,33,153,285,298,20,259,194,284,148,145,0,Big West
UC Santa Barbara,32,80,208,3,111,73,201,59,69,45,104,210,86,217,324,207,237,122,0,Big West
UCF,75,120,104,268,123,50,217,213,142,183,206,122,58,102,48,107,215,125,0,AAC
UCLA,110,8,156,114,82,237,92,78,41,17,59,125,97,88,238,11,2,21,2,Pac-12
UConn,102,74,2,205,31,240,55,10,57,29,74,242,280,97,168,153,98,56,0,Big East
UIC,65,62,83,182,307,146,208,278,270,233,148,256,327,249,33,189,114,212,0,Horizon
UIW,276,292,342,299,348,244,12,341,318,332,278,297,319,124,63,238,265,329,0,Southland
ULM,49,81,237,97,268,157,151,327,295,251,139,102,294,183,207,88,189,240,0,Sun Belt
UMass Lowell,277,240,67,142,53,94,223,152,70,109,184,89,300,313,302,82,160,199,0,America East
UMBC,218,112,325,149,300,9,11,304,251,184,105,328,252,17,29,148,40,147,0,America East
UMES,212,317,303,325,178,31,341,231,88,223,300,5,151,282,140,60,338,249,0,MEAC
UNC Asheville,185,165,23,81,203,116,143,268,164,76,61,171,8,49,92,93,134,170,0,Big South
UNC Greensboro,242,249,346,234,101,91,153,33,48,212,311,184,264,153,179,248,211,170,0,SoCon
UNCW,325,146,78,265,209,336,86,308,169,147,144,71,285,203,198,21,15,37,0,CAA
UNI,270,149,349,75,272,22,8,194,225,141,81,257,270,74,59,103,48,107,0,MVC
UNLV,117,56,221,263,47,269,98,158,62,120,205,223,64,192,92,170,52,147,0,Mountain West
USC Upstate,122,140,157,129,207,311,46,308,276,245,158,197,142,44,114,,190,207,0,Big South
UT Arlington,106,196,63,282,66,156,226,190,163,244,272,58,279,286,272,200,294,259,0,Sun Belt
UT Martin,272,283,50,298,182,210,230,221,287,285,228,161,134,331,234,213,241,316,0,OVC
Utah St.,5,21,317,23,162,257,154,64,104,75,110,222,207,158,131,195,137,175,0,Mountain West
Utah Valley,55,223,45,100,18,197,176,6,53,84,164,283,7,30,267,347,163,107,0,WAC
Utah,137,126,210,284,192,130,15,185,221,237,209,338,145,199,147,299,340,279,0,Pac-12
UTEP,239,164,123,235,220,318,26,318,100,165,223,81,178,109,151,30,86,134,0,C-USA
UTRGV,230,324,166,174,254,321,250,321,340,318,161,301,96,316,274,308,336,318,0,WAC
UTSA,288,275,268,340,297,168,286,145,259,291,268,259,306,338,281,206,187,299,0,C-USA
Valparaiso,202,111,200,73,294,10,34,242,213,209,179,193,284,215,193,158,44,229,0,MVC
Vanderbilt,273,277,144,266,140,338,243,222,131,151,178,96,27,170,65,102,219,178,0,SEC
VCU,107,256,18,61,19,295,216,272,19,114,277,10,3,113,316,67,327,62,0,Atlantic 10
Vermont,42,5,278,5,54,57,88,26,12,5,73,310,234,47,54,81,7,7,0,America East
Villanova,262,72,309,226,42,263,1,118,23,35,154,233,44,58,22,70,12,15,4,Big East
Virginia Tech,87,37,174,34,166,189,61,135,24,46,176,291,109,3,44,111,8,93,0,ACC
Virginia,99,20,61,124,134,68,122,201,6,170,335,260,188,252,342,90,37,125,0,ACC
VMI,22,25,242,74,79,64,5,203,294,111,19,326,195,12,1,272,79,186,0,SoCon
Wagner,73,92,220,53,96,189,145,35,43,25,82,31,19,344,338,30,170,19,0,NEC
Wake Forest,47,135,89,12,65,252,124,87,197,39,21,173,100,137,76,264,290,49,0,ACC
Washington St.,300,191,47,323,83,335,81,130,44,74,160,188,39,200,37,40,106,129,0,Pac-12
Washington,337,296,72,308,232,183,224,335,260,245,188,35,183,290,287,13,55,170,0,Pac-12
Weber St.,326,267,272,26,208,122,69,252,206,91,49,68,324,174,196,32,85,97,0,Big Sky
West Virginia,330,302,43,307,253,275,152,316,168,222,243,60,121,237,278,34,162,195,0,Big 12
Western Caro.,177,166,294,332,243,212,306,198,330,309,185,321,299,264,11,307,158,284,0,SoCon
Western Ill.,294,201,268,213,319,250,200,98,329,202,31,215,337,223,60,114,67,186,0,Summit League
Western Ky.,109,102,5,40,97,1,177,263,177,82,58,28,214,82,144,53,119,130,0,C-USA
Western Mich.,336,337,299,276,306,160,232,300,309,334,306,294,154,212,77,338,275,318,0,MAC
Wichita St.,247,247,41,329,77,25,57,115,87,174,242,75,70,293,159,120,199,167,0,AAC
William & Mary,286,345,200,331,311,194,212,217,296,338,326,162,184,303,243,339,345,343,0,CAA
Winthrop,147,264,252,10,172,271,233,101,203,105,64,175,265,28,63,248,315,46,0,Big South
Wisconsin,307,48,204,272,191,237,84,188,73,131,203,295,124,312,261,38,1,32,1,Big Ten
Wofford,156,105,348,46,267,80,36,77,86,80,134,129,302,73,20,78,88,130,0,SoCon
Wright St.,100,97,198,63,279,163,19,151,247,127,51,249,170,208,259,127,128,121,1,Horizon
Wyoming,302,204,329,79,72,149,147,94,60,66,137,347,33,155,107,226,59,40,0,Mountain West
Xavier,56,49,53,107,132,236,237,97,179,108,93,77,103,253,247,111,89,93,0,Big East
Yale,247,250,176,168,125,210,111,182,175,159,152,212,35,236,231,172,204,117,0,Ivy League
Youngstown St.,264,184,263,126,214,290,31,123,191,155,131,289,209,146,160,187,96,152,0,Horizon
A&M-Corpus Christi,196,313,173,273,200,182,243,254,206,298,310,125,102,205,262,311,332,319,0,Southland
Abilene Christian,5,34,188,115,27,334,264,117,5,5,69,2,44,141,133,1,200,11,1,Southland
Air Force,228,259,259,135,336,167,222,338,218,330,336,97,307,203,200,200,259,322,0,Mountain West
Akron,166,106,104,151,168,163,39,100,227,79,35,305,48,190,24,174,74,83,0,MAC
Alabama A&M,301,328,108,318,14,18,331,189,84,258,323,266,4,328,312,306,303,241,0,SWAC
Alabama St.,335,339,272,336,193,63,319,229,207,304,315,210,108,268,277,256,323,311,0,SWAC
Alabama,103,169,45,201,38,339,180,95,171,30,25,16,12,109,3,96,220,16,2,SEC
Albany (NY),273,207,328,123,243,23,118,268,126,181,228,208,235,175,262,66,124,219,0,America East
Alcorn,340,333,335,328,333,129,107,273,284,318,284,58,242,310,290,107,265,285,0,SWAC
American,201,289,24,140,274,4,190,265,258,267,231,78,11,19,39,324,316,241,0,Patriot
App State,268,181,99,303,84,129,62,151,35,74,197,44,106,272,104,63,75,123,0,Sun Belt
Arizona St.,176,70,153,209,280,278,97,332,305,242,96,80,299,184,178,11,28,215,0,Pac-12
Arizona,46,32,62,127,156,261,103,18,121,64,73,235,209,37,232,142,78,79,0,Pac-12
Ark.-Pine Bluff,336,338,88,332,321,248,122,309,301,333,330,176,339,298,332,318,314,330,0,SWAC
Arkansas St.,83,117,210,130,133,117,126,68,146,128,134,153,160,12,254,198,174,204,0,Sun Belt
Arkansas,80,103,17,100,70,329,68,57,189,24,11,48,174,196,169,58,151,17,3,SEC
Army West Point,84,91,339,82,198,60,325,199,148,149,157,187,272,222,113,102,114,148,0,Patriot
Auburn,69,218,1,190,197,286,178,82,294,178,44,192,116,226,35,309,324,192,0,SEC
Austin Peay,168,229,311,94,312,272,45,93,168,110,94,139,289,164,176,94,273,172,0,OVC
Ball St.,119,189,271,159,161,221,47,210,281,216,85,264,47,148,64,279,252,220,0,MAC
Baylor,10,12,97,17,170,311,177,51,51,3,6,9,126,1,13,3,60,2,6,Big 12
Belmont,4,7,202,13,139,215,72,163,136,15,13,51,185,136,38,37,90,6,0,OVC
Binghamton,298,299,175,289,241,34,273,175,232,299,301,294,309,200,52,317,216,311,0,America East
Boise St.,144,92,208,89,162,278,79,87,69,37,67,159,134,126,110,42,70,65,0,Mountain West
Boston College,282,277,84,263,335,42,198,287,327,306,168,88,269,206,39,194,206,322,0,ACC
Boston U.,323,265,167,195,311,31,48,136,264,270,227,274,285,264,202,294,114,252,0,Patriot
Bowling Green,216,39,292,274,216,226,77,223,274,133,41,98,151,258,82,15,5,153,0,MAC
Bradley,133,118,111,112,77,248,123,75,64,129,218,286,317,260,212,193,107,222,0,MVC
Bryant,50,171,113,53,55,86,35,145,285,45,4,116,8,13,22,260,298,60,0,NEC
Bucknell,251,196,118,88,196,5,32,281,306,233,80,236,293,207,164,246,135,228,0,Patriot
Buffalo,30,95,57,65,67,226,278,11,244,42,12,42,7,169,198,216,215,94,0,MAC
Butler,228,126,310,298,293,149,320,241,125,278,319,259,253,243,178,124,55,241,0,Big East
BYU,25,60,213,20,53,290,115,22,123,33,36,320,132,32,50,278,180,29,0,WCC
Cal Poly,222,235,118,326,201,241,127,316,190,316,333,196,264,255,247,235,214,329,0,Big West
Cal St. Fullerton,134,133,311,96,324,17,70,279,316,225,47,145,336,11,83,115,144,254,0,Big West
California,257,206,287,224,292,316,215,211,139,256,303,333,321,218,196,247,141,289,0,Pac-12
Campbell,88,73,284,10,277,255,266,312,108,134,182,210,38,25,174,55,97,98,0,Big South
Canisius,213,136,129,305,255,7,174,246,199,217,195,252,205,318,148,46,84,153,0,MAAC
Central Ark.,149,312,236,191,262,203,146,140,332,319,184,293,318,59,192,338,339,319,0,Southland
Central Conn. St.,194,222,247,252,307,76,197,329,307,312,243,117,259,236,181,166,238,308,0,NEC
Central Mich.,317,296,199,139,267,133,272,264,330,247,50,30,234,211,240,140,193,292,0,MAC
Charleston So.,326,336,82,309,212,117,157,251,263,308,298,205,223,271,134,327,329,333,0,Big South
Charlotte,292,271,194,214,238,83,90,208,70,251,320,270,115,232,300,231,194,262,0,C-USA
Chattanooga,232,116,326,182,266,95,14,222,140,122,130,128,142,72,70,61,37,56,0,SoCon
Chicago St.,333,334,340,338,340,3,208,340,340,340,338,269,338,340,302,332,309,340,0,WAC
Cincinnati,62,157,90,259,186,209,310,135,226,250,233,140,167,291,191,259,267,165,0,AAC
Clemson,163,140,206,247,85,102,28,185,12,129,307,214,159,133,81,97,128,68,0,ACC
Cleveland St.,124,135,253,111,134,322,279,209,201,207,183,111,34,249,264,123,159,48,0,Horizon
Coastal Carolina,44,159,68,83,7,209,147,3,109,19,28,28,45,77,60,251,300,56,0,Sun Belt
Col. of Charleston,322,156,219,105,218,42,169,205,167,184,190,281,294,29,77,104,9,198,0,CAA
Colgate,6,3,133,12,50,10,121,45,153,4,2,100,1,3,27,113,23,4,0,Patriot
Colorado St.,77,124,235,51,109,264,6,158,73,58,102,232,49,102,68,161,196,41,0,Mountain West
Colorado,134,68,229,84,101,324,2,52,30,34,116,283,151,34,127,81,51,40,1,Pac-12
Coppin St.,181,284,159,297,76,129,332,336,321,291,124,15,37,309,48,148,317,233,0,MEAC
Creighton,41,18,143,40,41,277,322,218,111,49,62,108,70,63,23,88,33,43,2,Big East
CSU Bakersfield,107,123,178,129,143,302,158,10,32,83,215,175,220,104,306,109,163,127,0,Big West
CSUN,161,109,297,256,300,114,99,303,311,285,148,178,287,167,122,102,77,233,0,Big West
Davidson,55,20,244,37,145,46,237,50,34,53,154,287,179,57,15,190,20,120,0,Atlantic 10
Dayton,141,203,318,26,128,93,162,186,99,157,210,325,87,35,105,308,258,124,0,Atlantic 10
Delaware St.,290,331,105,324,301,144,131,319,338,334,185,170,277,295,105,289,335,331,0,MEAC
Delaware,219,245,108,186,108,12,160,104,91,199,261,319,224,184,185,319,253,201,0,CAA
Denver,256,292,247,162,325,195,128,298,322,315,207,244,328,114,229,248,278,335,0,Summit League
DePaul,286,327,74,275,80,102,267,179,220,289,290,129,40,278,319,261,315,303,0,Big East
Detroit Mercy,89,50,264,56,286,37,5,228,265,142,56,134,312,5,10,110,60,148,0,Horizon
Drake,132,27,187,18,112,292,163,43,38,18,66,108,56,49,197,54,10,7,1,MVC
Drexel,64,80,269,50,236,25,19,55,87,132,196,323,86,40,171,296,139,111,0,CAA
Duke,20,40,34,49,265,156,227,130,204,97,61,26,276,108,71,116,143,151,0,ACC
Duquesne,151,176,37,264,82,36,316,175,83,203,271,142,5,315,257,176,187,176,0,Atlantic 10
East Carolina,28,44,169,299,125,44,119,235,103,222,272,203,89,308,299,73,131,226,0,AAC
Eastern Ill.,157,202,155,198,246,209,309,232,276,283,226,89,301,234,208,219,237,277,0,OVC
Eastern Ky.,29,54,112,121,215,327,183,288,261,46,8,1,105,74,19,2,145,22,0,OVC
Eastern Mich.,301,233,276,281,327,19,57,313,286,279,194,13,319,290,189,25,104,277,0,MAC
Eastern Wash.,53,29,197,48,81,151,8,152,183,48,34,312,62,91,60,175,62,68,0,Big Sky
Elon,309,199,306,288,147,76,65,157,44,179,292,245,79,228,90,122,58,160,0,CAA
ETSU,263,246,256,183,86,195,214,85,58,123,224,75,213,115,102,169,198,169,0,SoCon
Evansville,278,134,288,176,339,107,138,317,152,275,309,308,340,22,20,136,28,262,0,MVC
Fairfield,331,311,279,323,188,282,218,159,68,276,332,318,113,276,285,294,159,258,0,MAAC
Fairleigh Dickinson,255,266,79,108,297,217,164,275,319,254,76,57,162,24,95,183,235,254,0,NEC
FGCU,128,209,48,231,103,20,296,143,132,137,153,67,59,325,88,191,274,140,0,ASUN
FIU,56,155,61,225,316,261,291,323,292,241,110,20,291,180,4,72,268,274,0,C-USA
Fla. Atlantic,79,139,231,59,64,167,302,13,74,20,38,53,204,16,17,150,209,132,0,C-USA
Florida A&M,167,306,257,150,146,84,315,180,117,243,294,166,6,281,339,275,336,241,0,SWAC
Florida St.,82,172,11,33,17,255,67,63,138,47,46,80,104,23,129,206,253,35,2,ACC
Florida,269,308,7,41,120,263,44,118,181,114,99,84,36,87,225,210,292,111,1,SEC
Fordham,307,286,311,339,177,6,282,334,64,332,340,195,161,338,305,234,191,333,0,Atlantic 10
Fresno St.,327,326,197,237,171,185,289,73,88,221,279,153,251,213,213,262,246,176,0,Mountain West
Furman,14,25,141,16,207,186,120,113,130,22,27,27,100,149,18,56,120,94,0,SoCon
Ga. Southern,220,248,77,132,124,232,329,96,98,117,161,37,252,259,148,99,249,176,0,Sun Belt
Gardner-Webb,180,114,20,147,79,296,228,202,113,147,188,229,208,64,41,142,69,223,0,Big South
George Mason,179,167,47,230,195,71,321,94,165,169,169,83,273,215,170,105,150,120,0,Atlantic 10
George Washington,287,278,233,160,233,8,207,219,230,261,252,184,217,238,286,288,204,293,0,Atlantic 10
Georgetown,199,269,77,255,111,163,43,40,211,205,166,229,193,52,78,331,300,176,0,Big East
Georgia St.,12,16,41,47,62,86,242,164,239,53,19,95,189,75,91,26,66,32,0,Sun Belt
Georgia Tech,34,17,129,27,278,156,111,294,169,95,79,8,315,119,162,9,39,79,0,ACC
Georgia,59,230,262,77,268,288,231,155,313,211,42,18,198,233,267,181,330,153,0,SEC
Gonzaga,2,6,215,1,107,320,92,21,158,1,1,43,119,44,143,52,89,1,5,WCC
Grambling,105,219,177,238,18,203,292,253,128,223,265,35,199,198,327,197,308,176,0,SWAC
Grand Canyon,20,42,178,14,2,161,246,5,13,10,72,309,14,214,220,249,146,45,0,WAC
Green Bay,101,30,108,200,320,145,51,277,296,277,159,263,298,191,219,117,21,281,0,Horizon
Hampton,274,213,2,220,150,182,114,325,252,265,236,215,187,194,161,185,137,215,0,Big South
Hartford,301,275,285,221,83,119,151,243,31,164,302,115,10,246,151,160,176,99,0,America East
Hawaii,271,263,337,166,213,70,129,61,137,144,160,247,118,71,114,276,211,163,0,Big West
High Point,235,188,89,283,214,186,238,144,164,249,274,158,271,327,336,119,128,254,0,Big South
Hofstra,205,142,191,155,225,90,153,181,247,198,118,151,183,203,140,182,99,132,0,CAA
Holy Cross,249,205,71,148,299,31,212,295,290,281,189,125,275,99,203,164,151,287,0,Patriot
Houston Baptist,93,260,100,242,308,179,87,293,331,314,179,101,226,143,96,307,333,307,0,Southland
Houston,113,31,26,199,1,338,91,7,2,2,59,40,9,98,33,19,16,4,4,AAC
Howard,70,153,13,202,303,1,138,302,337,329,131,284,283,295,135,339,253,322,0,MEAC
Idaho St.,289,316,132,156,29,226,165,28,10,72,250,325,218,192,205,291,289,151,0,Big Sky
Idaho,241,322,319,218,317,170,112,304,295,336,335,302,326,156,311,336,328,339,0,Big Sky
Illinois St.,120,177,141,70,231,160,301,203,275,244,150,223,42,135,115,277,208,296,0,MVC
Illinois,16,46,216,5,54,332,229,4,124,16,17,246,128,31,245,268,163,18,1,Big Ten
Indiana St.,319,239,194,206,245,100,82,239,55,182,276,156,201,182,289,43,95,111,0,MVC
Indiana,114,82,92,208,136,281,294,236,144,189,214,242,158,240,293,157,80,210,0,Big Ten
Iona,138,247,56,169,24,125,60,47,57,90,172,130,24,126,164,283,313,68,0,MAAC
Iowa St.,280,310,166,272,287,241,13,327,299,325,296,166,133,254,167,280,284,336,0,Big 12
Iowa,1,1,32,43,93,259,156,92,241,21,5,256,244,10,16,70,4,43,1,Big Ten
IUPUI,164,192,290,258,323,56,141,245,288,271,177,122,28,140,108,186,216,210,0,Horizon
Jackson St.,323,330,154,325,15,66,259,128,21,137,295,31,25,160,309,137,297,68,0,SWAC
Jacksonville St.,98,132,124,64,51,163,240,44,120,80,97,294,123,89,88,282,187,68,0,OVC
Jacksonville,296,305,239,188,199,99,298,272,148,231,260,130,131,242,192,153,244,204,0,ASUN
James Madison,120,100,307,97,57,104,286,171,184,52,37,66,65,150,79,13,101,87,0,CAA
Kansas City,72,75,303,9,169,322,303,169,17,55,201,46,109,51,275,23,114,204,0,Summit League
Kansas St.,181,242,338,293,281,296,295,184,178,309,331,260,304,319,243,270,280,289,0,Big 12
Kansas,118,87,67,194,66,258,149,88,77,76,119,119,171,146,139,74,83,50,1,Big 12
Kennesaw St.,310,315,257,268,251,189,304,182,154,262,299,241,69,288,213,267,239,319,0,ASUN
Kent St.,87,136,148,154,117,127,21,33,196,84,53,136,235,225,100,201,199,83,0,MAC
Kentucky,218,228,3,277,59,245,94,126,175,191,193,186,57,177,255,257,221,262,0,SEC
La Salle,208,240,145,197,264,195,244,256,257,282,253,68,121,159,115,213,259,262,0,Atlantic 10
Lafayette,23,9,138,192,279,20,4,290,298,176,40,188,147,66,55,130,25,111,0,Patriot
Lamar University,260,273,53,277,261,267,83,263,233,296,288,92,334,284,331,180,234,267,0,Southland
Lehigh,206,184,299,223,304,16,200,201,297,307,247,223,310,273,335,228,170,302,0,Patriot
Liberty,37,4,265,15,45,189,22,65,3,9,92,317,38,6,8,80,7,15,0,ASUN
Lipscomb,146,112,317,68,167,105,225,195,116,139,175,198,83,111,159,128,94,140,0,ASUN
Little Rock,137,224,147,87,187,173,195,83,119,194,241,180,241,289,304,245,295,223,0,Sun Belt
LIU,19,102,85,287,211,38,286,132,245,174,102,19,84,332,154,111,250,176,0,NEC
LMU (CA),207,298,238,78,219,171,108,14,104,164,221,315,232,171,282,334,320,120,0,WCC
Long Beach St.,275,324,205,141,155,68,254,308,325,287,106,192,227,73,195,309,321,277,0,Big West
Longwood,320,288,330,203,242,302,232,193,101,226,282,212,55,132,182,146,178,230,0,Big South
Louisiana Tech,178,166,200,142,25,300,256,79,50,51,117,138,26,139,143,127,148,25,0,C-USA
Louisiana,202,257,25,153,126,253,211,37,242,162,91,257,151,121,188,316,285,79,0,Sun Belt
Louisville,299,187,325,219,118,55,144,46,61,168,255,311,27,297,323,194,56,87,0,ACC
Loyola Chicago,36,24,268,6,60,232,136,39,1,6,181,113,110,54,186,65,71,7,2,MVC
Loyola Maryland,181,225,163,54,154,35,337,58,193,171,147,133,243,303,320,208,257,270,0,Patriot
LSU,240,129,192,73,89,308,48,162,280,67,10,50,20,123,98,83,50,77,1,SEC
Maine,251,323,37,335,138,2,340,299,39,327,339,247,43,277,189,315,327,311,0,America East
Manhattan,261,283,97,337,131,247,290,200,85,257,322,52,137,339,298,108,253,271,0,MAAC
Marist,308,319,62,243,11,95,247,168,27,204,321,273,41,292,223,300,262,129,0,MAAC
Marquette,225,253,96,138,65,264,80,103,162,201,211,291,196,246,238,328,248,192,0,Big East
Marshall,31,26,8,31,176,48,116,244,236,57,23,49,290,70,26,41,81,60,0,C-USA
Maryland,153,65,143,67,48,248,206,227,54,125,234,294,233,80,85,178,34,147,1,Big Ten
Massachusetts,63,55,59,236,273,11,84,267,247,120,51,77,190,227,46,37,93,159,0,Atlantic 10
McNeese,3,57,309,11,222,156,233,41,215,40,20,85,295,9,60,153,289,228,0,Southland
Memphis,27,158,18,152,5,325,334,17,19,27,139,12,2,58,117,161,311,41,0,AAC
Mercer,15,37,188,24,194,237,137,90,216,94,52,121,75,38,54,218,149,101,0,SoCon
Miami (FL),291,232,83,251,237,48,203,173,194,269,277,150,324,321,309,192,125,258,0,ACC
Miami (OH),242,113,250,189,230,123,23,194,208,180,141,329,278,53,58,98,24,165,0,MAC
Michigan St.,32,61,23,245,142,334,105,78,198,229,225,328,88,252,265,305,163,156,0,Big Ten
Michigan,35,21,54,21,13,161,27,25,45,23,68,335,90,14,163,250,46,12,3,Big Ten
Middle Tenn.,332,332,282,333,313,100,249,259,188,311,329,96,85,237,157,239,292,315,0,C-USA
Milwaukee,188,81,297,193,250,145,89,270,291,215,70,213,325,217,173,51,38,207,0,Horizon
Minnesota,123,58,28,329,209,328,66,274,251,214,136,182,260,334,182,50,41,191,0,Big Ten
Mississippi St.,181,251,36,91,28,311,306,19,75,143,229,181,107,145,318,325,296,148,0,SEC
Mississippi Val.,301,337,190,340,331,186,339,339,339,339,337,321,288,212,42,340,340,336,0,SWAC
Missouri St.,141,130,206,25,46,93,61,41,59,61,113,316,112,116,143,304,136,45,0,MVC
Missouri,165,178,114,134,163,310,202,167,219,164,112,149,145,231,194,202,184,106,0,SEC
Monmouth,109,145,118,260,96,167,181,252,269,158,60,22,125,60,126,48,194,111,0,MAAC
Montana St.,300,241,282,101,152,195,42,156,223,154,101,253,230,209,276,120,126,132,0,Big Sky
Montana,210,190,247,66,153,333,15,165,79,119,186,306,52,61,313,207,183,156,0,Big Sky
Morehead St.,200,279,13,58,37,239,261,24,33,96,238,332,54,85,234,326,307,28,0,OVC
Morgan St.,68,195,94,207,113,248,69,62,247,65,24,47,33,144,80,66,312,96,0,MEAC
Mount St. Mary's,281,234,50,249,31,56,281,36,14,176,324,337,32,183,240,312,156,165,0,NEC
Murray St.,13,47,118,8,92,201,275,53,76,32,57,141,82,45,86,177,189,176,0,OVC
N.C. A&T,139,186,236,265,179,90,307,321,235,206,142,14,247,257,248,8,222,163,0,MEAC
N.C. Central,248,281,220,266,239,24,221,320,210,264,267,79,211,162,222,131,271,267,0,MEAC
Navy,225,179,272,125,275,29,175,72,79,107,162,31,174,221,277,30,110,9,0,Patriot
NC State,173,160,51,42,254,141,196,226,156,127,125,36,215,69,233,66,147,135,0,ACC
Nebraska,128,185,155,271,105,274,323,283,268,263,203,89,50,184,66,223,228,305,0,Big Ten
Nevada,85,104,178,126,44,319,41,146,159,113,107,257,148,94,121,188,138,106,0,Mountain West
New Hampshire,295,164,203,314,157,63,245,115,66,184,268,265,225,267,221,91,32,160,0,America East
New Mexico St.,221,163,269,246,158,76,96,31,36,63,178,294,98,270,49,135,102,111,0,WAC
New Mexico,217,264,69,290,217,136,338,81,213,293,305,243,207,337,337,254,283,297,0,Mountain West
New Orleans,42,208,217,28,256,321,74,188,293,210,64,55,80,216,315,244,334,241,0,Southland
Niagara,263,72,320,308,132,56,179,306,48,212,311,234,197,283,255,22,6,209,0,MAAC
Nicholls,148,154,145,86,151,260,285,174,252,92,33,6,239,253,118,35,172,35,0,Southland
NJIT,337,258,291,311,290,53,226,324,174,260,284,146,143,304,273,21,40,260,0,America East
Norfolk St.,245,204,160,244,26,284,187,196,156,114,111,162,66,47,118,45,153,63,1,MEAC
North Carolina,49,144,22,179,127,290,284,1,166,89,74,102,256,263,307,232,270,101,0,ACC
North Dakota St.,323,268,253,167,190,193,37,23,96,155,211,339,181,157,216,323,118,140,0,Summit League
North Dakota,267,227,301,235,309,243,210,276,287,300,239,285,331,173,166,251,171,274,0,Summit League
North Florida,191,250,148,145,232,119,159,301,278,280,217,329,151,50,14,333,288,272,0,ASUN
North Texas,160,147,204,35,58,218,59,116,15,56,208,166,151,27,131,114,142,91,1,C-USA
Northeastern,230,220,278,184,166,27,63,271,112,220,270,189,99,97,59,274,197,160,0,CAA
Northern Ariz.,312,212,336,262,337,132,299,318,273,326,326,268,316,113,269,156,73,297,0,Big Sky
Northern Colo.,301,309,234,113,221,136,286,89,135,167,191,334,16,20,36,329,233,176,0,Big Sky
Northern Ill.,315,307,136,320,298,60,335,220,309,335,328,238,335,235,316,289,205,331,0,MAC
Northern Ky.,263,198,333,137,247,171,188,148,203,196,167,173,270,300,178,169,112,135,0,Horizon
Northwestern St.,186,231,192,222,319,331,277,297,329,301,129,110,91,120,172,232,261,253,0,Southland
Northwestern,74,53,239,210,149,179,143,254,170,193,199,202,139,101,75,118,76,254,0,Big Ten
Notre Dame,66,19,72,71,210,50,25,278,271,228,126,336,308,46,34,281,14,223,0,ACC
Oakland,70,99,323,276,322,221,184,286,333,295,86,25,320,189,53,133,163,241,0,Horizon
Ohio St.,175,56,123,74,104,337,40,83,197,78,45,324,202,68,87,203,15,67,0,Big Ten
Ohio,9,13,304,23,202,133,192,133,237,66,29,169,186,105,73,77,91,63,1,MAC
Oklahoma St.,196,280,42,75,52,316,170,110,240,116,55,64,81,197,268,224,310,50,1,Big 12
Oklahoma,157,63,106,158,116,139,58,192,163,103,89,89,280,155,111,71,30,118,1,Big 12
Old Dominion,242,193,93,120,88,86,223,119,95,183,248,62,257,330,333,147,133,83,0,C-USA
Ole Miss,234,243,75,173,94,284,199,49,29,91,237,60,263,311,326,112,222,129,0,SEC
Omaha,339,325,178,270,295,271,234,282,312,323,266,251,330,178,324,226,169,322,0,Summit League
Oral Roberts,203,111,87,114,172,306,1,314,283,86,14,152,192,15,1,60,52,101,2,Summit League
Oregon St.,81,48,117,196,119,340,33,160,94,135,192,239,21,83,199,141,64,110,3,Pac-12
Oregon,115,62,101,39,208,206,168,153,114,72,81,70,216,21,74,53,53,25,1,Pac-12
Pacific,189,125,140,181,184,52,263,109,186,218,209,172,214,313,328,128,84,176,0,WCC
Penn St.,150,77,275,307,291,239,71,102,247,208,128,45,229,168,45,49,54,215,0,Big Ten
Pepperdine,17,52,162,57,191,311,11,190,259,124,48,163,3,223,204,139,175,140,0,WCC
Pittsburgh,76,89,91,216,178,113,297,35,172,175,176,219,92,166,246,211,132,207,0,ACC
Portland St.,293,291,178,321,185,230,269,77,61,149,240,23,300,323,207,44,212,233,0,Big Sky
Portland,258,256,201,296,338,56,24,335,336,331,222,185,322,163,168,153,219,294,0,WCC
Prairie View,32,93,52,119,98,214,312,214,37,60,171,3,73,306,239,10,207,19,0,SWAC
Presbyterian,318,329,289,279,270,218,241,138,82,246,317,103,240,302,296,184,299,283,0,Big South
Providence,147,96,178,227,180,221,204,204,160,197,205,249,17,256,270,188,72,176,0,Big East
Purdue Fort Wayne,90,276,222,4,276,163,230,215,318,253,75,136,168,4,43,337,337,272,0,Horizon
Purdue,92,98,118,122,75,295,166,29,67,109,180,292,77,184,177,253,114,91,0,Big Ten
Quinnipiac,214,237,33,315,8,176,235,285,132,224,263,255,23,241,128,273,240,233,0,MAAC
Radford,297,321,331,79,87,181,255,15,42,129,258,217,313,282,293,314,291,140,0,Big South
Rhode Island,237,252,31,165,74,232,283,70,195,188,164,156,135,285,300,271,231,241,0,Atlantic 10
Rice,51,148,296,174,226,123,93,124,260,192,105,267,268,78,11,287,271,156,0,C-USA
Richmond,95,23,300,36,282,72,99,315,132,81,87,11,67,79,142,7,11,108,0,Atlantic 10
Rider,224,183,308,239,284,195,86,215,266,294,262,289,265,103,271,215,133,304,0,MAAC
Robert Morris,39,76,178,157,302,66,311,284,317,290,140,161,333,65,147,152,192,318,0,Horizon
Rutgers,125,69,9,117,71,294,328,224,93,160,230,54,93,286,281,92,57,129,1,Big Ten
Sacramento St.,204,45,285,72,330,73,262,230,225,200,144,119,284,48,236,34,8,241,0,Big Sky
Sacred Heart,151,150,302,291,253,27,64,240,278,274,198,307,127,208,108,300,157,176,0,NEC
Saint Francis (PA),198,223,293,241,260,108,161,187,255,267,235,240,61,294,291,240,236,297,0,NEC
Saint Joseph's,86,161,329,304,310,75,113,331,335,322,144,223,258,280,21,241,227,306,0,Atlantic 10
Saint Louis,7,14,152,62,90,76,191,8,49,31,77,73,177,122,248,89,100,68,0,Atlantic 10
Saint Mary's (CA),316,194,173,261,160,141,78,86,18,161,313,220,267,322,277,126,48,124,0,WCC
Saint Peter's,269,300,5,317,3,304,213,126,9,159,325,39,173,245,280,145,279,135,0,MAAC
Sam Houston,45,122,165,93,110,336,224,191,182,36,26,17,13,81,32,20,247,65,0,Southland
Samford,65,215,260,149,192,136,239,66,326,238,49,135,245,287,107,285,325,285,0,SoCon
San Diego St.,109,43,220,107,12,318,133,59,8,13,109,29,170,43,57,12,36,12,0,Mountain West
San Diego,170,174,135,284,314,9,317,321,304,324,281,143,332,307,292,173,179,317,0,WCC
San Francisco,263,170,158,240,249,287,145,249,141,153,164,87,114,153,6,64,68,215,0,WCC
San Jose St.,329,293,232,330,248,68,313,337,334,337,291,314,58,266,146,303,127,308,0,Mountain West
Santa Clara,251,210,73,205,69,73,248,171,185,219,216,331,94,301,313,212,163,111,0,WCC
Seattle U,283,127,125,282,91,209,85,292,122,111,123,155,130,279,94,6,17,165,0,WAC
Seton Hall,195,180,43,170,165,226,88,178,154,163,173,183,306,251,235,167,159,172,0,Big East
SFA,38,197,126,2,205,173,260,20,186,28,21,4,169,174,338,89,331,19,0,Southland
Siena,215,182,150,69,42,13,308,107,22,106,259,261,96,138,266,243,154,47,0,MAAC
SIUE,187,290,27,171,252,215,258,257,246,303,293,229,180,261,286,298,321,274,0,OVC
SMU,48,119,35,81,32,25,98,129,107,71,88,209,261,112,130,159,222,90,0,AAC
South Alabama,294,200,157,172,49,206,142,260,191,126,100,92,144,62,29,66,79,109,0,Sun Belt
South Carolina St.,333,340,224,331,334,50,333,330,315,338,334,228,279,269,213,229,338,338,0,MEAC
South Carolina,157,236,102,286,288,143,314,248,322,297,135,21,311,305,223,84,282,294,0,SEC
South Dakota St.,95,88,171,7,181,95,152,48,256,62,18,262,254,2,100,258,106,55,0,Summit League
South Dakota,112,33,266,46,100,268,20,161,228,118,64,322,246,7,155,149,19,135,0,Summit League
South Fla.,288,287,212,312,223,108,326,56,205,284,287,278,231,220,272,284,222,233,0,AAC
Southeast Mo. St.,117,226,274,229,263,311,280,111,212,239,232,127,297,106,137,263,306,239,0,OVC
Southeastern La.,330,335,262,327,329,309,268,250,310,317,249,114,286,326,218,172,318,291,0,Southland
Southern California,116,110,10,38,9,301,318,30,46,26,78,313,151,67,252,217,109,24,3,Pac-12
Southern Ill.,143,101,326,106,269,95,293,306,106,236,297,204,203,25,97,134,82,202,0,MVC
Southern Miss.,245,254,304,215,122,139,270,154,70,235,316,226,157,262,322,213,229,281,0,C-USA
Southern U.,104,249,246,217,97,127,274,97,179,209,206,33,138,244,316,230,325,226,0,SWAC
Southern Utah,100,84,239,34,135,145,53,12,150,7,3,103,122,151,47,86,96,9,0,Big Sky
St. Bonaventure,77,22,70,163,6,40,73,76,7,38,202,232,35,142,258,79,18,19,0,Atlantic 10
St. Francis Brooklyn,91,74,127,136,283,114,81,212,328,230,39,38,327,199,274,36,92,198,0,NEC
St. John's (NY),17,36,76,131,285,298,50,247,300,151,30,7,210,134,159,17,130,118,0,Big East
Stanford,231,282,137,55,72,243,147,183,151,195,211,99,172,248,321,204,286,172,0,Pac-12
Stetson,126,149,230,211,229,230,216,142,177,173,170,111,238,42,31,199,181,210,0,ASUN
Stony Brook,242,244,16,292,36,121,253,99,52,187,283,253,146,320,284,205,213,251,0,America East
Syracuse,58,28,12,168,47,153,16,265,173,102,82,34,72,118,65,40,49,91,2,ACC
TCU,177,214,129,185,240,151,276,170,202,266,273,221,165,169,228,313,242,202,0,Big 12
Temple,154,175,267,316,39,22,150,207,129,247,289,338,219,147,175,302,185,287,0,AAC
Tennessee St.,277,317,164,257,220,278,251,305,266,286,245,72,200,331,286,120,305,328,0,OVC
Tennessee Tech,99,238,279,213,328,193,271,213,302,321,275,163,266,250,124,320,319,327,0,OVC
Tennessee,67,71,19,180,21,232,56,125,26,43,152,82,103,201,242,24,118,68,0,SEC
Texas A&M,239,285,321,285,244,30,110,147,78,239,312,122,206,312,251,151,275,210,0,SEC
Texas Southern,247,304,40,146,19,264,205,34,147,108,104,103,46,336,340,221,304,79,1,SWAC
Texas St.,140,165,194,61,106,178,182,80,11,101,278,124,248,17,308,85,186,35,0,Sun Belt
Texas Tech,174,64,62,178,56,306,172,137,23,35,136,94,212,96,259,5,22,101,1,Big 12
Texas,168,221,58,92,40,325,171,54,110,75,93,163,71,86,56,285,266,48,0,Big 12
The Citadel,43,38,46,98,227,145,201,166,314,145,16,270,51,88,9,220,98,169,0,SoCon
Toledo,26,15,261,85,137,254,18,177,238,41,15,207,18,33,5,95,35,50,0,MAC
Towson,338,318,224,294,235,39,99,112,277,305,264,294,329,329,330,272,111,311,0,CAA
Troy,285,314,168,322,148,282,219,134,143,259,304,190,274,335,283,269,281,250,0,Sun Belt
Tulane,272,146,171,334,95,81,55,326,60,237,318,62,282,316,244,18,45,220,0,AAC
Tulsa,95,131,311,118,43,110,265,225,52,136,245,179,164,275,206,100,190,195,0,AAC
UAB,321,168,55,104,30,221,217,105,4,14,132,41,74,293,329,4,12,22,0,C-USA
UC Davis,310,320,224,175,296,76,12,234,209,189,151,61,255,238,302,37,250,140,0,Big West
UC Irvine,262,217,62,102,4,245,38,16,25,39,143,59,117,165,334,157,159,68,0,Big West
UC Riverside,109,83,277,128,23,116,185,69,28,68,200,278,76,39,30,225,84,96,0,Big West
UC Santa Barbara,22,10,224,22,102,189,46,32,20,11,63,74,140,125,231,29,26,14,0,Big West
UCF,223,274,134,228,159,125,95,238,145,232,269,132,120,93,112,266,276,195,0,AAC
UCLA,130,35,223,63,204,315,155,64,115,93,114,303,178,36,217,106,13,59,5,Pac-12
UConn,191,115,6,204,63,201,124,38,40,59,156,201,97,179,227,100,67,83,0,Big East
UIC,144,162,170,232,203,153,305,261,231,272,256,340,22,219,91,322,182,233,0,Horizon
UIW,233,255,324,144,289,133,194,289,213,255,254,275,29,30,132,254,243,261,0,Southland
ULM,131,141,209,280,189,203,193,328,131,273,314,71,305,161,148,93,163,301,0,Sun Belt
UMass Lowell,279,295,80,99,140,270,300,141,192,234,244,294,68,128,250,321,263,195,0,America East
UMBC,306,262,332,177,16,53,167,101,43,104,219,288,129,158,201,209,155,50,0,America East
UNC Asheville,212,267,44,29,228,90,336,291,243,186,115,103,101,76,99,238,294,176,0,Big South
UNC Greensboro,225,107,85,267,78,330,250,91,86,82,122,64,63,314,135,16,31,50,0,SoCon
UNCW,238,121,115,187,306,33,30,280,262,140,58,218,78,131,141,31,42,231,0,CAA
UNI,172,173,252,161,258,111,252,108,200,227,220,173,124,230,155,226,172,241,0,MVC
UNLV,171,138,213,143,99,292,176,67,92,156,223,177,303,107,75,196,113,210,0,Mountain West
USC Upstate,251,261,250,253,315,182,130,311,272,310,286,194,249,172,157,237,232,315,0,Big South
UT Arlington,127,97,21,306,123,206,75,242,180,121,107,24,281,82,37,33,84,176,0,Sun Belt
UT Martin,250,270,245,319,332,189,135,310,303,328,299,85,314,184,211,168,244,277,0,OVC
Utah St.,24,85,13,133,10,213,125,2,16,25,132,148,150,194,259,187,218,58,0,Mountain West
Utah Valley,11,107,30,30,141,195,330,27,270,202,98,282,221,129,325,330,287,176,0,WAC
Utah,54,66,138,45,234,173,7,269,161,146,146,270,292,92,210,124,122,194,0,Pac-12
UTEP,259,120,218,250,173,177,54,217,117,148,186,190,228,224,187,58,27,176,0,C-USA
UTRGV,52,152,49,302,34,153,327,205,97,99,138,10,19,324,237,14,277,198,0,WAC
UTSA,73,41,161,124,121,276,34,123,254,85,32,197,184,181,103,57,65,127,0,C-USA
Valparaiso,210,151,128,269,183,237,99,295,102,245,306,159,149,317,226,132,107,267,0,MVC
Vanderbilt,208,211,242,226,272,218,76,221,234,213,155,103,191,117,25,179,210,262,0,SEC
VCU,156,216,4,103,33,289,36,197,47,70,158,5,30,210,253,61,268,31,0,Atlantic 10
Vermont,102,90,242,60,35,15,17,60,24,29,120,294,53,137,120,138,102,68,0,America East
Villanova,60,2,322,95,206,121,31,148,63,44,84,290,222,100,28,27,2,35,2,Big East
Virginia Tech,94,59,81,110,129,82,209,106,56,77,149,310,141,95,84,142,63,60,0,ACC
Virginia,120,8,39,32,73,40,3,113,6,50,251,304,194,28,63,171,3,35,0,ACC
VMI,40,49,178,52,144,84,26,119,289,112,22,276,182,18,2,299,122,169,0,SoCon
Wagner,193,143,255,164,175,149,140,71,127,141,174,76,237,265,295,76,105,87,0,NEC
Wake Forest,284,272,293,300,305,86,104,233,222,288,280,200,323,124,44,264,201,297,0,ACC
Washington St.,236,297,116,295,68,299,173,74,90,170,242,198,60,154,124,293,302,172,0,Pac-12
Washington,313,303,103,254,259,272,186,333,308,320,257,216,250,193,138,265,203,326,0,Pac-12
Weber St.,56,67,178,3,130,105,10,131,142,12,9,144,195,8,69,82,121,30,0,Big Sky
West Virginia,108,79,211,233,224,274,132,98,224,87,43,56,166,56,153,28,84,77,1,Big 12
Western Caro.,162,201,224,90,294,248,109,198,320,252,71,301,296,152,72,297,230,239,0,SoCon
Western Ill.,328,301,176,313,318,232,154,138,324,292,120,278,337,274,184,222,158,283,0,Summit League
Western Ky.,136,191,28,116,115,156,9,26,104,98,127,171,302,130,259,242,241,34,0,C-USA
Western Mich.,275,294,311,212,174,65,324,262,221,312,327,327,64,202,229,335,264,308,0,MAC
Wichita St.,181,86,94,310,22,60,257,237,72,100,163,206,15,176,91,78,43,32,0,AAC
William & Mary,314,302,150,301,257,14,52,258,217,302,308,277,111,333,297,292,202,231,0,CAA
Winthrop,60,128,281,80,164,255,236,9,81,17,31,68,95,110,67,75,222,3,0,Big South
Wisconsin,155,11,66,248,114,304,29,231,41,88,204,250,163,55,51,47,1,126,1,Big Ten
Wofford,75,94,311,44,182,111,189,119,99,69,94,147,176,90,7,164,139,99,0,SoCon
Wright St.,47,78,107,19,20,47,117,6,88,8,7,227,31,41,151,235,176,25,0,Horizon
Wyoming,106,51,295,109,326,269,134,300,282,172,54,237,136,84,12,87,47,135,0,Mountain West
Xavier,7,5,60,76,61,44,220,150,176,105,83,117,188,229,123,161,44,105,0,Big East
Youngstown St.,190,105,334,234,271,221,106,122,229,151,90,222,262,299,208,32,59,140,0,Horizon
